-- phpMyAdmin SQL Dump
-- version 4.6.6
-- https://www.phpmyadmin.net/
--
-- 主機: localhost
-- 產生時間： 2019-06-07 10:00:38
-- 伺服器版本: 5.7.17-log
-- PHP 版本： 5.6.30

SET SQL_MODE = "NO_AUTO_VALUE_ON_ZERO";
SET time_zone = "+00:00";


/*!40101 SET @OLD_CHARACTER_SET_CLIENT=@@CHARACTER_SET_CLIENT */;
/*!40101 SET @OLD_CHARACTER_SET_RESULTS=@@CHARACTER_SET_RESULTS */;
/*!40101 SET @OLD_COLLATION_CONNECTION=@@COLLATION_CONNECTION */;
/*!40101 SET NAMES utf8mb4 */;

--
-- 資料庫： `ai2`
--
CREATE DATABASE IF NOT EXISTS `ai2` DEFAULT CHARACTER SET utf8 COLLATE utf8_general_ci;
USE `ai2`;

-- --------------------------------------------------------

--
-- 資料表結構 `client`
--

CREATE TABLE IF NOT EXISTS `client` (
  `sno` varchar(5) NOT NULL,
  `sname` varchar(8) NOT NULL,
  `address` varchar(50) NOT NULL,
  `cellphone` varchar(15) NOT NULL
) ENGINE=InnoDB DEFAULT CHARSET=utf8;

--
-- 資料表的匯出資料 `client`
--

INSERT INTO `client` (`sno`, `sname`, `address`, `cellphone`) VALUES
('1', '高先生', '高雄市苓雅區', '0918-663-785'),
('2', '郭先生', '高雄市鳳山區', '0988-193-158'),
('3', '林先生', '高雄市林園區', '0932-270-805'),
('4', '戴先生', '新竹縣竹東鎮', '0971-829-565'),
('5', '王小姐', '台南縣玉井鄉', '0931-663-785');

-- --------------------------------------------------------

--
-- 資料表結構 `product`
--

CREATE TABLE IF NOT EXISTS `product` (
  `pno` varchar(8) NOT NULL,
  `pname` varchar(15) NOT NULL,
  `series` varchar(5) NOT NULL,
  `old` varchar(5) NOT NULL,
  `nop` varchar(10) NOT NULL,
  `unit` varchar(5) NOT NULL,
  `oprice` varchar(8) NOT NULL
) ENGINE=InnoDB DEFAULT CHARSET=utf8;

--
-- 資料表的匯出資料 `product`
--

INSERT INTO `product` (`pno`, `pname`, `series`, `old`, `nop`, `unit`, `oprice`) VALUES
('LT001', '收割機運輸車', '城市', '5歲', '358PCS', '盒', '959'),
('LT002', '直線道和 T 形路口', '城市', '5歲', '2PCS', '盒', '287'),
('LT003', '彎道和十字路口', '城市', '5歲', '2PCS', '盒', '287'),
('LT004', '警察巡邏車', '城市', '5歲', '92PCS', '盒', '287'),
('LT005', '獨木舟探險', '城市', '5歲', '84PCS', '盒', '287'),
('LT006', '航警鑽石槍戰', '城市', '6歲', '400PCS', '盒', '1599'),
('LT007', '航警航空基地', '城市', '5歲', '529PCS', '盒', '2399'),
('LT008', '烤肉架火災', '城市', '4歲', '64PCS', '盒', '287'),
('LT009', '碼頭火災', '城市', '5歲', '97PCS', '盒', '463'),
('LT010', '漢堡餐廳火災救援', '城市', '5歲', '327PCS', '盒', '959'),
('LT011', '消防局', '城市', '5歲', '509PCS', '盒', '1919'),
('LT012', '市區消防隊', '城市', '6歲', '943PCS', '盒', '3199'),
('LT013', '沙漠越野賽車', '城市', '5歲', '75PCS', '盒', '287'),
('LT014', '建設裝載機', '城市', '5歲', '88PCS', '盒', '287'),
('LT015', '垃圾車', '城市', '4歲', '90PCS', '盒', '615'),
('LT016', '潛水遊艇', '城市', '5歲', '148PCS', '盒', '615'),
('LT017', '路道鏟雪車', '城市', '6歲', '197PCS', '盒', '615'),
('LT018', '航警巡邏機', '城市', '4歲', '54PCS', '盒', '287'),
('LT019', '航警無人機追擊', '城市', '5歲', '192PCS', '盒', '615'),
('LT020', '航警降落傘追捕', '城市', '5歲', '218PCS', '盒', '959'),
('LT021', '客運列車', '城市', '6歲', '677PCS', '盒', '4799'),
('LT022', '軌道和彎道', '城市', '5歲', '20PCS', '盒', '615'),
('LT023', '貨運列車', '城市', '6歲', '1226PCS', '盒', '7199'),
('LT024', '極地探險隊', '城市', '5歲', '70PCS', '盒', '319'),
('LT025', '城市醫院', '城市', '6歲', '861PCS', '盒', '3199'),
('LT026', '戶外探險人偶組', '城市', '5歲', '164PCS', '盒', '1439'),
('LT027', '極地空中運輸機', '城市', '6歲', '277PCS', '盒', '1119'),
('LT028', '極地冰上探險機', '城市', '6歲', '200PCS', '盒', '639'),
('LT029', '極地冰上滑行機', '城市', '5歲', '50PCS', '盒', '199'),
('LT030', '極地行動探險基地', '城市', '7歲', '786PCS', '盒', '3999'),
('LT031', '首都', '城市', '6歲', '1211PCS', '盒', '4799'),
('LT032', '極地巡邏車', '城市', '7歲', '322PCS', '盒', '1839'),
('LT033', '山區警察總部', '城市', '6歲', '773PCS', '盒', '3199'),
('LT034', '泥路追擊', '城市', '5歲', '297PCS', '盒', '1119'),
('LT035', '採礦專家現場', '城市', '7歲', '883PCS', '盒', '3599'),
('LT036', '山路追捕', '城市', '5歲', '303PCS', '盒', '1839'),
('LT037', '山中逃犯', '城市', '5歲', '88PCS', '盒', '319'),
('LT038', '急流大逃亡', '城市', '5歲', '126PCS', '盒', '519'),
('LT039', '越野追逐戰', '城市', '5歲', '37PCS', '盒', '199'),
('LT040', '救護直升機', '城市', '5歲', '190PCS', '盒', '639'),
('LT041', '重貨運輸車', '城市', '5歲', '310PCS', '盒', '1119'),
('LT042', '森林拖拉機', '城市', '5歲', '174PCS', '盒', '639'),
('LT043', '皮卡車及露營車', '城市', '5歲', '344PCS', '盒', '1119'),
('LT044', '採礦重型鑽孔機', '城市', '5歲', '294PCS', '盒', '1439'),
('LT045', '採礦隊', '城市', '5歲', '82PCS', '盒', '319'),
('LT046', '巨輪卡車', '城市', '6歲', '192PCS', '盒', '639'),
('LT047', '採礦功率分配機', '城市', '5歲', '127PCS', '盒', '519'),
('LT048', '極速紀錄車', '城市', '5歲', '78PCS', '盒', '319'),
('LT049', '航空展噴射機', '城市', '5歲', '87PCS', '盒', '319'),
('LT050', '變換軌道', '城市', '5歲', '8PCS', '盒', '655'),
('LT051', '靈活軌道', '城市', '5歲', '24PCS', '盒', '655'),
('LT052', '高速旅客列車', '城市', '6歲', '610PCS', '盒', '4399'),
('LT053', '叢林直升機空投任務', '城市', '8歲', '1250PCS', '盒', '4639'),
('LT054', '海岸巡防救援飛機', '城市', '5歲', '141PCS', '盒', '719'),
('LT055', '貨運站', '城市', '6歲', '740PCS', '盒', '2639'),
('LT056', '叢林探險站', '城市', '8歲', '813PCS', '盒', '3599'),
('LT057', '海岸海岸巡防入門套裝', '城市', '5歲', '76PCS', '盒', '359'),
('LT058', '海岸巡防總部', '城市', '6歲', '792PCS', '盒', '3599'),
('LT059', '海岸巡防重型救援直升機', '城市', '6歲', '415PCS', '盒', '1839'),
('LT060', '海岸巡防四驅救援車', '城市', '5歲', '347PCS', '盒', '1039'),
('LT061', '叢林行動實驗室', '城市', '7歲', '426PCS', '盒', '1839'),
('LT062', '叢林履帶卡車', '城市', '6歲', '169PCS', '盒', '1039'),
('LT063', '叢林入門套裝', '城市', '5歲', '88PCS', '盒', '359'),
('LT064', '沙灘人偶套組', '城市', '5歲', '169PCS', '盒', '1439'),
('LT065', '叢林運輸直升機', '城市', '6歲', '201PCS', '盒', '719'),
('LT066', '叢林越野車', '城市', '5歲', '53PCS', '盒', '199'),
('LT067', '巴士站', '城市', '5歲', '337PCS', '盒', '1439'),
('LT068', '披薩快餐車', '城市', '5歲', '249PCS', '盒', '719'),
('LT069', '高速追捕', '城市', '5歲', '294PCS', '盒', '959'),
('LT070', '推土機搶銀行', '城市', '5歲', '561PCS', '盒', '1999'),
('LT071', '警察局', '城市', '6歲', '894PCS', '盒', '3599'),
('LT072', '行動指揮中心', '城市', '6歲', '374PCS', '盒', '1199'),
('LT073', '拖吊車追捕行動', '城市', '5歲', '144PCS', '盒', '719'),
('LT074', '加油維修站', '城市', '7歲', '515PCS', '盒', '2639'),
('LT075', '歡樂遊園 - 城市系列人偶套組', '城市', '5歲', '157PCS', '盒', '1439'),
('LT076', '消防局', '城市', '6歲', '919PCS', '盒', '3599'),
('LT077', '消防船', '城市', '6歲', '412PCS', '盒', '2639'),
('LT078', '黃金龍', '旋風忍者', '7歲', '171PCS', '盒', '679'),
('LT079', '赤地的刀鋒轉輪車及冰忍的雪地摩', '旋風忍者', '8歲', '376PCS', '盒', '959'),
('LT080', '阿光的風暴戰士機', '旋風忍者', '9歲', '490PCS', '盒', '1279'),
('LT081', '阿剛的鑽土機', '旋風忍者', '8歲', '587PCS', '盒', '1599'),
('LT082', '旋風忍術修道院', '旋風忍者', '9歲', '1070PCS', '盒', '2559'),
('LT083', '超級巨龍', '旋風忍者', '9歲', '951PCS', '盒', '2879'),
('LT084', '寺廟修行', '旋風忍者', '6歲', '122PCS', '盒', '319'),
('LT085', '旋風忍術 - 赤地', '旋風忍者', '7歲', '97PCS', '盒', '303'),
('LT086', '旋風忍術 - 阿光', '旋風忍者', '7歲', '97PCS', '盒', '303'),
('LT087', '旋風忍術 - 冰忍', '旋風忍者', '7歲', '109PCS', '盒', '303'),
('LT088', '旋風忍術 - 阿剛', '旋風忍者', '7歲', '117PCS', '盒', '303'),
('LT089', '旋風忍術 - 赤蘭和吳大師', '旋風忍者', '7歲', '227PCS', '盒', '583'),
('LT090', '旋風忍術 - 勞埃德對決伽瑪當', '旋風忍者', '7歲', '208PCS', '盒', '583'),
('LT091', '武士機械人', '旋風忍者', '7歲', '154PCS', '盒', '479'),
('LT092', '暗黑獵龍寨', '旋風忍者', '9歲', '1660PCS', '盒', '4799'),
('LT093', '忍者始祖龍', '旋風忍者', '9歲', '882PCS', '盒', '2799'),
('LT094', '忍者閃電暴風龍', '旋風忍者', '8歲', '493PCS', '盒', '1439'),
('LT095', '冰忍 – 冰之飛龍大師', '旋風忍者', '8歲', '92PCS', '盒', '559'),
('LT096', '阿剛 – 土之飛龍大師', '旋風忍者', '8歲', '92PCS', '盒', '559'),
('LT097', '獵龍戰車', '旋風忍者', '9歲', '1179PCS', '盒', '3999'),
('LT098', '阿光 – 閃電飛龍大師', '旋風忍者', '8歲', '92PCS', '盒', '559'),
('LT099', '忍者終極使命之翼', '旋風忍者', '6歲', '181PCS', '盒', '639'),
('LT100', '王座室決戰', '旋風忍者', '6歲', '221PCS', '盒', '639'),
('LT101', '城市碼頭', '旋風忍者', '12歲', '3533PCS', '盒', '7999'),
('LT102', '赤地 – 火焰飛龍大師', '旋風忍者', '8歲', '92PCS', '盒', '559'),
('LT103', '黃金飛龍大師', '旋風忍者', '8歲', '92PCS', '盒', '559'),
('LT104', '旋風忍者城', '旋風忍者', '16歲', '4867PCS', '盒', '9999'),
('LT105', '忍者夜行者', '旋風忍者', '9歲', '552PCS', '盒', '1439'),
('LT106', '蛇捷豹街頭大車拚', '旋風忍者', '7歲', '308PCS', '盒', '1119'),
('LT107', '卡塔那 V11', '旋風忍者', '7歲', '257PCS', '盒', '639'),
('LT108', '復活神殿', '旋風忍者', '8歲', '765PCS', '盒', '2799'),
('LT109', '奇羅對決武士 X', '旋風忍者', '8歲', '556PCS', '盒', '1839'),
('LT110', '赤蘭 - 旋風水之大師', '旋風忍者', '6歲', '69PCS', '盒', '359'),
('LT111', '赤地 - 旋風火焰大師', '旋風忍者', '6歲', '61PCS', '盒', '259'),
('LT112', 'S.O.G. 總部', '旋風忍者', '8歲', '530PCS', '盒', '1439'),
('LT113', '阿光 - 旋風閃電大師', '旋風忍者', '6歲 ', '68PCS', '盒', '359'),
('LT114', '冰忍 - 旋風冰之大師', '旋風忍者', '6歲', '69PCS', '盒', '359'),
('LT115', '阿剛 - 旋風土之大師', '旋風忍者', '6歲', '73PCS', '盒', '359'),
('LT116', 'Quake Mech', '旋風忍者', '9歲', '1202PCS', '盒', '2799'),
('LT117', 'Lloyd - Spinjit', '旋風忍者', '6歲', '69PCS', '盒', '359'),
('LT118', 'Garmadon\'s Volc', '旋風忍者', '8歲', '521PCS', '盒', '1839'),
('LT119', 'Piranha Attack', '旋風忍者', '7歲', '217PCS', '盒', '759'),
('LT120', '伽瑪機械人', '旋風忍者', '8歲', '747PCS', '盒', '2399'),
('LT121', '忍者終極兵器神殿', '旋風忍者', '9歲', '1403PCS', '盒', '3999'),
('LT122', '忍者終極使命號', '旋風忍者', '9歲', '2295PCS', '盒', '5999'),
('LT123', '忍者火焰機甲人', '旋風忍者', '9歲', '944PCS', '盒', '2639'),
('LT124', '綠忍者機甲巨龍', '旋風忍者', '8歲', '544PCS', '盒', '1839'),
('LT125', '旋風忍者城市追逐', '旋風忍者', '7歲', '233PCS', '盒', '759'),
('LT126', '水上滑行機', '旋風忍者', '8歲', '494PCS', '盒', '1439'),
('LT127', '飛行果凍潛水艇', '旋風忍者', '8歲', '341PCS', '盒', '1039'),
('LT128', '魔鬼魚轟炸機', '旋風忍者', '7歲', '341PCS', '盒', '1039'),
('LT129', '忍者大師瀑布', '旋風忍者', '7歲', '312PCS', '盒', '1039'),
('LT130', '旋風忍術訓練', '旋風忍者', '6歲', '109PCS', '盒', '359'),
('LT131', '忍者閃電噴射機', '旋風忍者', '9歲', '876PCS', '盒', '2399'),
('LT132', '岩石衝鋒越野戰車', '旋風忍者', '7歲', '406PCS', '盒', '1439'),
('LT133', '進化隱形追擊車', '旋風忍者', '9歲', '1093PCS', '盒', '3439');

-- --------------------------------------------------------

--
-- 資料表結構 `purchase`
--

CREATE TABLE IF NOT EXISTS `purchase` (
  `pno` varchar(8) NOT NULL,
  `odate` date NOT NULL,
  `pdate` date NOT NULL,
  `tno` varchar(3) NOT NULL,
  `quantity` varchar(5) NOT NULL,
  `iprice` varchar(10) NOT NULL,
  `total` varchar(10) NOT NULL
) ENGINE=InnoDB DEFAULT CHARSET=utf8;

--
-- 資料表的匯出資料 `purchase`
--

INSERT INTO `purchase` (`pno`, `odate`, `pdate`, `tno`, `quantity`, `iprice`, `total`) VALUES
('LT001', '2016-07-01', '2016-07-07', '1', '40', '500', '20000'),
('LT002', '2016-07-01', '2016-07-07', '1', '20', '100', '2000'),
('LT003', '2016-07-01', '2016-07-07', '1', '30', '100', '3000'),
('LT004', '2016-07-01', '2016-07-07', '1', '40', '100', '4000'),
('LT005', '2016-07-01', '2016-07-07', '1', '30', '100', '3000'),
('LT006', '2016-07-01', '2016-07-07', '1', '20', '900', '18000'),
('LT007', '2016-07-01', '2016-07-07', '1', '15', '1600', '24000'),
('LT008', '2016-07-01', '2016-07-07', '1', '15', '100', '1500'),
('LT009', '2016-07-01', '2016-07-07', '1', '40', '250', '10000'),
('LT010', '2016-07-01', '2016-07-07', '1', '10', '500', '5000'),
('LT071', '2016-07-15', '2016-07-22', '2', '20', '2800', '56000'),
('LT072', '2016-07-15', '2016-07-22', '2', '10', '750', '7500'),
('LT073', '2016-07-15', '2016-07-22', '2', '10', '480', '4800'),
('LT074', '2016-07-15', '2016-07-22', '2', '30', '2050', '61500'),
('LT075', '2016-07-15', '2016-07-22', '2', '10', '1000', '10000'),
('LT076', '2016-07-15', '2016-07-22', '2', '50', '2850', '142500'),
('LT077', '2016-07-15', '2016-07-22', '2', '10', '2000', '20000'),
('LT078', '2016-07-15', '2016-07-22', '2', '10', '300', '3000'),
('LT079', '2016-07-15', '2016-07-22', '2', '10', '500', '5000'),
('LT080', '2016-07-15', '2016-07-22', '2', '10', '850', '8500'),
('LT121', '2016-07-07', '2016-07-14', '3', '20', '3000', '60000'),
('LT122', '2016-07-07', '2016-07-14', '3', '10', '3900', '39000'),
('LT123', '2016-07-07', '2016-07-14', '3', '10', '1950', '19500'),
('LT124', '2016-07-07', '2016-07-14', '3', '30', '1200', '36000'),
('LT125', '2016-07-07', '2016-07-14', '3', '10', '450', '4500'),
('LT126', '2016-07-07', '2016-07-14', '3', '10', '900', '9000'),
('LT127', '2016-07-07', '2016-07-14', '3', '20', '700', '14000'),
('LT128', '2016-07-07', '2016-07-14', '3', '10', '700', '7000'),
('LT129', '2016-07-07', '2016-07-14', '3', '10', '700', '7000'),
('LT130', '2016-07-07', '2016-07-14', '3', '20', '200', '4000');

-- --------------------------------------------------------

--
-- 資料表結構 `shipment`
--

CREATE TABLE IF NOT EXISTS `shipment` (
  `pno` varchar(8) NOT NULL,
  `sno` varchar(5) NOT NULL,
  `odate` date NOT NULL,
  `pdate` date NOT NULL,
  `quantity` varchar(5) NOT NULL,
  `total` varchar(12) NOT NULL
) ENGINE=InnoDB DEFAULT CHARSET=utf8;

--
-- 資料表的匯出資料 `shipment`
--

INSERT INTO `shipment` (`pno`, `sno`, `odate`, `pdate`, `quantity`, `total`) VALUES
('LT001', '1', '2018-08-25', '2018-08-26', '1', '959'),
('LT084', '1', '2018-11-30', '2018-12-01', '3', '957'),
('LT091', '1', '2019-02-16', '2019-02-17', '1', '479'),
('LT059', '2', '2019-01-12', '2019-01-13', '1', '1839'),
('LT067', '2', '2019-03-22', '2019-03-23', '1', '1439'),
('LT108', '3', '2017-09-05', '2017-09-06', '1', '2799'),
('LT043', '3', '2018-04-01', '2018-04-02', '1', '1119'),
('LT004', '3', '2018-12-06', '2018-12-07', '1', '287'),
('LT017', '3', '2019-01-13', '2019-01-14', '2', '1230'),
('LT127', '3', '2019-03-31', '2019-04-01', '1', '1039'),
('LT001', '1', '2018-08-25', '2018-08-26', '1', '959'),
('LT084', '1', '2018-11-30', '2018-12-01', '3', '957'),
('LT091', '1', '2019-02-16', '2019-02-17', '1', '479'),
('LT059', '2', '2019-01-12', '2019-01-13', '1', '1839'),
('LT067', '2', '2019-03-22', '2019-03-23', '1', '1439'),
('LT108', '3', '2017-09-05', '2017-09-06', '1', '2799'),
('LT043', '3', '2018-04-01', '2018-04-02', '1', '1119'),
('LT004', '3', '2018-12-06', '2018-12-07', '1', '287'),
('LT017', '3', '2019-01-13', '2019-01-14', '2', '1230'),
('LT127', '3', '2019-03-31', '2019-04-01', '1', '1039'),
('LT133', '4', '2019-02-26', '2019-02-27', '1', '3429'),
('LT067', '5', '2017-05-17', '2017-05-18', '1', '1439'),
('LT025', '5', '2018-03-02', '2018-03-03', '1', '3199'),
('LT043', '5', '2019-03-14', '2019-03-15', '1', '1119');

-- --------------------------------------------------------

--
-- 資料表結構 `vendor`
--

CREATE TABLE IF NOT EXISTS `vendor` (
  `tno` varchar(3) NOT NULL,
  `tname` varchar(8) NOT NULL,
  `address` varchar(50) NOT NULL,
  `phone` varchar(12) NOT NULL
) ENGINE=InnoDB DEFAULT CHARSET=utf8;

--
-- 資料表的匯出資料 `vendor`
--

INSERT INTO `vendor` (`tno`, `tname`, `address`, `phone`) VALUES
('1', '北寶積木', '高雄市鹽埕區新化街115號', '07-521-0362'),
('2', '東東積木', '高雄市苓雅區三民街28號', '07-689-7777'),
('3', '好樂天積木', '高雄市信義區正義街211號', '07-328-9512');

/*!40101 SET CHARACTER_SET_CLIENT=@OLD_CHARACTER_SET_CLIENT */;
/*!40101 SET CHARACTER_SET_RESULTS=@OLD_CHARACTER_SET_RESULTS */;
/*!40101 SET COLLATION_CONNECTION=@OLD_COLLATION_CONNECTION */;
